"Date","Price","Open","High","Low","Vol.","Change %"
"04/09/2025","742.20","767.00","767.95","741.00","11.32M","-3.43%"
"04/08/2025","768.60","760.00","774.00","758.15","12.91M","2.91%"
"04/07/2025","746.90","730.00","753.70","730.00","14.92M","-2.68%"
"04/04/2025","767.45","779.10","782.90","765.00","8.23M","-1.51%"
"04/03/2025","779.20","770.00","784.70","769.95","7.96M","0.42%"
"04/02/2025","775.95","772.30","777.00","764.30","5.46M","0.55%"
"04/01/2025","771.70","766.80","782.75","763.20","7.01M","0.03%"
"03/28/2025","771.50","772.10","778.60","767.00","7.63M","-0.10%"
"03/27/2025","772.30","763.80","775.80","760.50","15.65M","1.09%"
"03/26/2025","764.00","772.00","776.05","761.45","7.71M","-1.15%"
"03/25/2025","772.85","783.90","786.00","769.20","15.19M","-1.02%"
"03/24/2025","780.80","758.00","782.95","755.10","12.10M","3.66%"
"03/21/2025","753.20","749.95","755.60","747.00","9.58M","0.49%"
"03/20/2025","749.55","748.00","752.70","744.20","6.96M","0.60%"
"03/19/2025","745.10","739.60","749.30","739.10","7.60M","1.14%"
"03/18/2025","736.70","726.60","738.45","722.60","8.09M","1.87%"
"03/17/2025","723.15","728.90","731.25","722.30","5.15M","-0.65%"
"03/13/2025","727.85","725.90","731.45","724.50","5.91M","0.66%"
"03/12/2025","723.05","730.60","737.00","719.05","5.55M","-0.93%"
"03/11/2025","729.85","724.90","734.05","722.70","5.54M","0.13%"
"03/10/2025","728.90","732.75","738.50","726.60","7.40M","-0.53%"
"03/07/2025","732.75","732.05","734.85","728.00","7.25M","0.10%"
"03/06/2025","732.05","736.00","736.75","727.00","10.93M","0.23%"
"03/05/2025","730.35","717.55","731.30","717.00","10.41M","2.00%"
"03/04/2025","716.05","693.00","718.45","692.10","14.39M","2.98%"
"03/03/2025","695.30","690.15","697.40","680.00","10.60M","0.94%"
"02/28/2025","688.80","700.90","701.35","682.60","15.78M","-2.15%"
"02/27/2025","703.90","716.00","717.70","701.10","12.03M","-0.98%"
"02/25/2025","710.90","718.95","718.95","710.00","8.60M","-0.77%"
"02/24/2025","716.40","710.50","719.75","710.50","6.91M","-0.78%"
"02/21/2025","722.00","727.30","731.70","720.00","6.57M","-1.06%"
"02/20/2025","729.70","724.90","731.50","723.35","7.42M","0.33%"
"02/19/2025","727.30","722.05","734.85","722.05","6.77M","0.21%"
"02/18/2025","725.80","727.70","728.25","717.35","8.56M","-0.26%"
"02/17/2025","727.70","719.05","728.75","711.55","9.09M","0.77%"
"02/14/2025","722.15","730.95","732.90","716.20","10.42M","-0.76%"
"02/13/2025","727.65","734.40","737.50","726.15","12.37M","-0.75%"
"02/12/2025","733.15","733.15","738.70","717.15","12.70M","0.28%"
"02/11/2025","731.10","737.45","740.15","726.55","13.02M","-0.77%"
"02/10/2025","736.80","740.00","743.90","733.40","12.67M","-0.05%"
"02/07/2025","737.20","759.80","759.90","731.75","37.24M","-2.00%"
"02/06/2025","752.25","769.00","770.85","750.05","32.75M","-1.80%"
"02/05/2025","766.05","780.00","782.00","765.00","13.42M","-1.69%"
"02/04/2025","779.20","767.00","781.25","765.65","12.02M","2.40%"
"02/03/2025","760.95","762.80","762.80","753.15","7.86M","-0.66%"
"02/01/2025","766.00","774.80","778.75","752.15","9.36M","-0.89%"
"01/31/2025","772.90","764.90","777.55","759.50","10.08M","1.35%"
"01/30/2025","762.60","758.55","765.00","754.75","11.09M","0.55%"
"01/29/2025","758.45","753.00","760.80","749.80","9.25M","0.80%"
"01/28/2025","752.40","757.00","759.75","745.40","14.14M","0.43%"
"01/27/2025","749.20","740.00","755.35","735.90","11.43M","0.68%"
"01/24/2025","744.15","749.90","753.70","739.00","10.58M","-0.23%"
"01/23/2025","745.90","750.00","755.65","743.10","10.99M","-1.00%"
"01/22/2025","753.45","762.00","763.00","738.00","9.91M","-0.74%"
"01/21/2025","759.05","784.80","784.90","756.05","13.75M","-2.59%"
"01/20/2025","779.25","769.00","785.00","767.85","9.20M","1.98%"
"01/17/2025","764.10","766.30","767.95","759.40","5.77M","-0.29%"
"01/16/2025","766.30","760.40","776.70","760.40","11.82M","1.67%"
"01/15/2025","753.70","753.15","758.90","750.00","7.79M","0.74%"
"01/14/2025","748.15","732.95","757.00","732.95","11.96M","2.56%"
"01/13/2025","729.50","741.50","743.95","722.50","10.41M","-1.85%"
"01/10/2025","743.25","760.35","763.40","742.05","11.78M","-2.26%"
"01/09/2025","760.45","771.15","771.35","726.25","15.35M","-1.39%"
"01/08/2025","771.15","780.90","783.95","760.10","15.64M","-0.98%"
"01/07/2025","778.75","779.85","783.85","774.85","9.67M","0.30%"
"01/06/2025","776.40","797.40","797.60","773.15","11.42M","-2.14%"
"01/03/2025","793.40","801.20","809.50","792.15","13.34M","-0.97%"
"01/02/2025","801.20","795.00","802.40","787.00","11.40M","1.01%"
"01/01/2025","793.20","795.55","798.65","789.50","7.27M","-0.22%"
"12/31/2024","794.95","786.95","799.20","786.00","9.09M","0.84%"
"12/30/2024","788.30","802.00","807.95","785.00","21.52M","-1.42%"
"12/27/2024","799.65","816.30","818.30","797.20","10.65M","-1.58%"
"12/26/2024","812.45","813.00","822.85","808.00","8.32M","0.05%"
"12/24/2024","812.05","824.25","826.20","809.20","10.60M","-1.11%"
"12/23/2024","821.15","817.30","824.00","812.20","4.93M","1.13%"
"12/20/2024","812.00","834.90","836.00","810.00","10.24M","-2.50%"
"12/19/2024","832.80","824.60","838.00","820.20","9.45M","-0.64%"
"12/18/2024","838.15","851.00","852.00","837.00","8.30M","-1.46%"
"12/17/2024","850.55","858.55","862.60","847.05","8.79M","-1.21%"
"12/16/2024","860.95","859.80","866.40","857.80","6.43M","-0.07%"
"12/13/2024","861.55","852.60","862.90","835.00","9.38M","0.92%"
"12/12/2024","853.70","861.50","864.30","851.15","8.85M","-0.92%"
"12/11/2024","861.60","867.50","869.85","860.95","7.01M","-0.68%"
"12/10/2024","867.50","861.80","868.95","858.05","7.38M","1.10%"
"12/09/2024","858.05","859.00","866.85","856.95","9.63M","-0.65%"
"12/06/2024","863.65","865.25","875.45","857.00","14.52M","-0.21%"
"12/05/2024","865.45","860.00","871.45","855.60","14.72M","0.67%"
"12/04/2024","859.70","853.95","864.00","850.30","10.75M","0.67%"
"12/03/2024","853.95","838.00","856.60","836.90","12.19M","2.10%"
"12/02/2024","836.40","838.95","842.00","832.70","6.65M","-0.30%"
"11/29/2024","838.95","841.10","844.05","831.55","10.82M","0.01%"
"11/28/2024","838.85","834.10","845.80","830.50","13.51M","0.57%"
"11/27/2024","834.10","838.50","842.50","832.10","8.38M","-0.63%"
"11/26/2024","839.40","844.00","846.70","835.55","8.89M","-0.60%"
"11/25/2024","844.45","827.00","849.60","825.65","23.43M","3.48%"
"11/22/2024","816.05","786.00","819.95","784.05","20.67M","4.52%"
"11/21/2024","780.75","798.50","798.50","761.55","29.49M","-2.77%"
"11/19/2024","803.00","819.00","820.30","800.10","13.68M","-1.39%"
"11/18/2024","814.30","811.00","816.70","799.25","9.32M","1.25%"
"11/14/2024","804.25","808.65","818.00","801.05","9.46M","-0.54%"
"11/13/2024","808.65","823.35","831.75","804.65","13.76M","-2.18%"
"11/12/2024","826.70","852.50","853.40","824.30","11.35M","-2.47%"
"11/11/2024","847.65","846.00","854.00","842.00","12.62M","0.53%"
"11/08/2024","843.15","859.60","863.50","834.20","26.14M","-1.91%"
"11/07/2024","859.60","861.00","862.40","846.70","15.28M","0.56%"
"11/06/2024","854.80","849.20","861.40","846.20","15.00M","0.66%"
"11/05/2024","849.20","829.85","851.40","826.25","26.25M","2.33%"
"11/04/2024","829.85","822.70","837.50","807.10","14.50M","1.05%"
"11/01/2024","821.20","822.40","825.60","818.90","1.64M","0.12%"
"10/31/2024","820.20","820.00","828.00","813.55","13.40M","-0.27%"
"10/30/2024","822.45","828.00","833.00","821.05","15.98M","-1.23%"
"10/29/2024","832.70","796.00","834.85","790.50","28.27M","5.13%"
"10/28/2024","792.05","783.80","803.95","783.55","13.76M","1.42%"
"10/25/2024","780.95","798.00","800.75","772.00","9.72M","-1.71%"
"10/24/2024","794.55","786.05","797.00","784.65","5.61M","1.09%"
"10/23/2024","786.00","790.00","792.60","779.80","13.87M","-0.56%"
"10/22/2024","790.40","814.00","816.85","787.50","16.65M","-2.89%"
"10/21/2024","813.95","824.70","826.45","809.00","10.36M","-0.79%"
"10/18/2024","820.40","811.10","822.60","802.90","11.70M","1.15%"
"10/17/2024","811.05","809.50","819.50","806.00","18.58M","0.70%"
"10/16/2024","805.45","802.80","809.00","802.05","6.49M","0.10%"
"10/15/2024","804.65","805.50","807.50","801.60","6.25M","-0.06%"
"10/14/2024","805.15","802.00","809.25","800.80","8.97M","0.68%"
"10/11/2024","799.75","797.20","802.70","793.00","14.32M","0.33%"
"10/10/2024","797.10","799.00","804.45","795.00","10.24M","-0.04%"
"10/09/2024","797.40","786.70","804.35","782.05","18.76M","2.04%"
"10/08/2024","781.45","772.25","784.40","772.25","8.56M","1.40%"
"10/07/2024","770.65","800.00","804.00","765.40","24.27M","-3.26%"
"10/04/2024","796.65","792.00","809.85","785.25","20.10M","0.32%"
"10/03/2024","794.10","789.90","804.00","784.30","15.94M","-0.36%"
"10/01/2024","796.95","788.00","800.35","788.00","13.28M","1.15%"
"09/30/2024","787.90","801.90","802.60","786.45","15.48M","-1.84%"
"09/27/2024","802.65","801.85","808.00","798.45","15.19M","0.10%"
"09/26/2024","801.85","796.00","803.00","791.60","23.20M","1.10%"
"09/25/2024","793.10","797.90","798.00","788.70","18.47M","-0.65%"
"09/24/2024","798.25","799.25","804.25","796.50","15.18M","-0.45%"
"09/23/2024","801.85","786.00","805.00","784.50","17.31M","2.58%"
"09/20/2024","781.70","794.85","794.85","779.50","21.37M","-1.04%"
"09/19/2024","789.95","795.05","801.35","784.05","10.65M","-0.35%"
"09/18/2024","792.75","783.80","794.75","782.00","18.32M","1.26%"
"09/17/2024","782.90","785.60","787.50","780.55","10.67M","-0.34%"
"09/16/2024","785.55","790.85","795.00","784.40","9.55M","-0.67%"
"09/13/2024","790.85","791.00","795.00","785.10","12.95M","0.39%"
"09/12/2024","787.75","775.00","789.90","772.75","17.58M","2.49%"
"09/11/2024","768.60","780.05","788.00","765.40","20.06M","-1.80%"
"09/10/2024","782.65","788.00","788.80","777.50","12.82M","-0.20%"
"09/09/2024","784.25","785.00","788.20","771.00","21.32M","0.22%"
"09/06/2024","782.50","811.50","812.90","777.00","40.22M","-4.43%"
"09/05/2024","818.75","818.35","822.15","814.40","8.40M","0.28%"
"09/04/2024","816.50","815.45","818.65","813.65","10.79M","-1.01%"
"09/03/2024","824.80","822.15","825.95","816.40","10.55M","0.32%"
"09/02/2024","822.15","817.30","825.40","813.05","11.81M","0.80%"
"08/30/2024","815.60","817.15","820.70","814.35","8.91M","0.14%"
"08/29/2024","814.50","809.55","816.00","806.95","18.25M","0.63%"
"08/28/2024","809.40","814.75","817.20","806.50","10.37M","-0.80%"
"08/27/2024","815.90","817.80","819.45","811.05","12.83M","0.10%"
"08/26/2024","815.05","818.00","823.45","813.80","8.52M","-0.04%"
"08/23/2024","815.35","821.50","822.00","814.50","5.54M","-0.60%"
"08/22/2024","820.30","819.00","823.90","817.10","7.83M","0.58%"
"08/21/2024","815.55","820.30","821.00","811.20","14.61M","-0.58%"
"08/20/2024","820.30","817.95","823.00","813.35","10.35M","0.81%"
"08/19/2024","813.70","815.00","825.40","812.60","10.15M","0.20%"
"08/16/2024","812.10","803.00","814.90","803.00","11.43M","1.13%"
"08/14/2024","803.00","800.95","809.15","800.40","11.79M","0.68%"
"08/13/2024","797.55","813.50","820.00","795.05","17.59M","-1.85%"
"08/12/2024","812.60","820.60","823.00","811.20","16.12M","-1.42%"
"08/09/2024","824.30","816.00","829.95","809.55","15.32M","2.01%"
"08/08/2024","808.05","812.00","817.80","802.80","14.77M","-0.07%"
"08/07/2024","808.65","809.00","810.70","800.55","17.69M","1.37%"
"08/06/2024","797.70","822.65","826.55","795.65","17.90M","-1.72%"
"08/05/2024","811.65","830.00","831.35","800.00","27.68M","-4.27%"
"08/02/2024","847.85","856.70","858.30","846.15","12.61M","-1.72%"
"08/01/2024","862.65","877.80","881.40","859.45","11.79M","-1.12%"
"07/31/2024","872.40","873.85","874.95","868.00","11.64M","-0.05%"
"07/30/2024","872.80","874.70","880.55","869.00","13.53M","0.14%"
"07/29/2024","871.60","866.05","889.10","863.20","26.58M","1.06%"
"07/26/2024","862.45","844.65","864.25","844.00","12.08M","1.64%"
"07/25/2024","848.50","847.50","850.75","841.20","9.52M","-0.41%"
"07/24/2024","852.00","864.20","868.00","847.20","19.62M","-1.38%"
"07/23/2024","863.90","883.00","884.50","849.10","18.28M","-1.47%"
"07/22/2024","876.80","881.45","895.00","868.00","14.61M","-1.41%"
"07/19/2024","889.35","895.00","899.00","883.30","14.56M","-0.47%"
"07/18/2024","893.55","880.65","894.90","877.50","19.44M","1.46%"
"07/16/2024","880.70","882.30","888.10","874.30","11.89M","-0.07%"
"07/15/2024","881.35","859.70","887.35","859.70","25.39M","2.52%"
"07/12/2024","859.70","856.70","863.00","855.30","11.45M","0.35%"
"07/11/2024","856.70","854.40","858.30","849.75","8.50M","0.91%"
"07/10/2024","849.00","860.10","860.25","843.50","17.34M","-1.43%"
"07/09/2024","861.30","859.90","869.95","856.00","13.59M","0.59%"
"07/08/2024","856.25","859.75","865.00","853.50","10.36M","-0.41%"
"07/05/2024","859.75","838.00","861.25","837.00","24.87M","2.44%"
"07/04/2024","839.30","843.00","844.90","834.30","13.37M","-0.08%"
"07/03/2024","839.95","829.00","843.85","825.00","23.60M","1.67%"
"07/02/2024","826.15","844.00","846.30","823.15","21.14M","-1.88%"
"07/01/2024","841.95","849.35","850.50","839.95","10.97M","-0.82%"
"06/28/2024","848.95","846.90","864.00","844.00","23.64M","0.59%"
"06/27/2024","844.00","843.90","847.40","838.25","20.38M","-0.16%"
"06/26/2024","845.35","839.85","848.80","836.00","16.28M","0.37%"
"06/25/2024","842.25","837.00","845.85","834.30","20.92M","1.15%"
"06/24/2024","832.70","831.50","836.00","821.05","12.72M","-0.43%"
"06/21/2024","836.30","844.90","848.05","828.60","18.99M","-0.88%"
"06/20/2024","843.75","853.00","853.10","842.35","13.99M","-1.04%"
"06/19/2024","852.60","846.80","860.60","841.00","32.93M","0.91%"
"06/18/2024","844.90","841.55","851.50","840.25","14.93M","0.68%"
"06/14/2024","839.20","845.00","849.90","835.10","12.90M","-0.56%"
"06/13/2024","843.90","845.00","845.90","836.10","12.52M","0.57%"
"06/12/2024","839.10","837.00","845.55","833.00","15.07M","0.42%"
"06/11/2024","835.55","836.00","839.60","829.05","14.75M","0.45%"
"06/10/2024","831.80","834.15","845.45","829.20","16.73M","0.22%"
"06/07/2024","829.95","819.90","831.50","810.50","25.06M","1.59%"
"06/06/2024","816.95","800.00","833.35","796.00","40.56M","3.44%"
"06/05/2024","789.75","790.75","795.00","744.05","74.26M","1.88%"
"06/04/2024","775.20","897.00","897.00","731.95","122.38M","-14.40%"
"06/03/2024","905.65","863.55","912.00","856.75","64.27M","9.07%"
"05/31/2024","830.35","830.70","835.00","817.10","22.27M","0.54%"
"05/30/2024","825.85","821.40","836.00","819.30","17.82M","0.39%"
"05/29/2024","822.65","828.40","834.45","819.30","14.52M","-1.02%"
"05/28/2024","831.15","835.70","840.70","823.30","13.82M","-0.31%"
"05/27/2024","833.70","832.60","839.40","823.00","12.30M","0.62%"
"05/24/2024","828.60","830.00","841.25","827.00","12.25M","-0.42%"
"05/23/2024","832.10","824.70","835.50","822.00","17.50M","1.63%"
"05/22/2024","818.75","826.55","826.65","813.55","19.24M","-1.43%"
"05/21/2024","830.65","821.00","836.30","819.60","14.04M","1.18%"
"05/18/2024","821.00","822.00","823.00","819.20","960.45K","0.39%"
"05/17/2024","817.85","814.50","822.45","811.20","12.49M","0.73%"
"05/16/2024","811.95","825.30","826.15","797.35","20.54M","-1.02%"
"05/15/2024","820.30","821.00","825.30","818.05","9.76M","0.26%"
"05/14/2024","818.20","813.00","822.40","807.90","10.91M","1.16%"
"05/13/2024","808.80","819.85","819.85","798.60","15.40M","-1.05%"
"05/10/2024","817.35","827.00","832.05","815.60","20.54M","-0.30%"
"05/09/2024","819.80","811.90","839.65","803.55","49.29M","1.11%"
"05/08/2024","810.80","802.60","822.00","799.50","27.91M","1.11%"
"05/07/2024","801.90","812.00","814.65","793.20","16.73M","-0.73%"
"05/06/2024","807.80","835.00","836.00","803.00","35.28M","-2.84%"
"05/03/2024","831.45","834.80","836.20","820.00","22.67M","0.17%"
"05/02/2024","830.05","826.90","833.90","825.00","19.94M","0.46%"
"04/30/2024","826.25","826.50","834.85","819.90","27.45M","-0.03%"
"04/29/2024","826.50","807.00","831.25","798.70","27.30M","3.14%"
"04/26/2024","801.30","815.90","816.90","798.90","14.96M","-1.40%"
"04/25/2024","812.70","770.65","814.40","769.65","36.73M","5.12%"
"04/24/2024","773.10","778.50","778.50","770.20","7.84M","0.01%"
"04/23/2024","773.00","770.35","777.70","765.55","12.29M","0.90%"
"04/22/2024","766.10","754.15","769.00","750.45","17.45M","2.09%"
"04/19/2024","750.45","734.50","752.00","732.05","10.89M","0.76%"
"04/18/2024","744.80","752.05","759.95","742.00","14.59M","-0.92%"
"04/16/2024","751.70","751.25","754.90","744.40","13.34M","-0.77%"
"04/15/2024","757.50","759.80","763.30","748.75","11.36M","-1.15%"
"04/12/2024","766.30","777.25","779.50","764.80","14.41M","-1.64%"
"04/10/2024","779.05","766.50","780.70","763.65","14.53M","1.94%"
"04/09/2024","764.20","768.45","772.45","761.10","7.47M","-0.53%"
"04/08/2024","768.30","766.05","770.00","761.80","9.80M","0.46%"
"04/05/2024","764.75","757.95","767.70","752.60","9.94M","0.72%"
"04/04/2024","759.30","775.00","775.30","758.10","15.89M","-1.52%"
"04/03/2024","771.05","764.90","772.60","760.15","19.14M","0.61%"
"04/02/2024","766.40","758.20","768.75","753.35","15.71M","1.07%"
"04/01/2024","758.30","759.05","761.50","752.10","9.95M","0.79%"
"03/28/2024","752.35","737.75","759.55","736.90","21.71M","2.60%"
"03/27/2024","733.30","743.00","745.85","730.20","30.09M","-0.91%"
"03/26/2024","740.05","743.05","747.85","738.50","14.68M","-0.89%"
"03/22/2024","746.70","743.85","748.80","741.40","15.54M","0.32%"
"03/21/2024","744.30","742.00","750.60","740.55","15.16M","1.09%"
"03/20/2024","736.25","725.15","738.95","719.80","25.41M","1.72%"
"03/19/2024","723.80","730.00","734.35","721.15","15.21M","-0.98%"
"03/18/2024","730.95","727.10","737.90","722.10","18.15M","-0.13%"
"03/15/2024","731.90","739.25","746.55","723.00","29.79M","-1.23%"
"03/14/2024","741.05","749.90","750.80","734.05","19.73M","-0.83%"
"03/13/2024","747.25","758.65","763.70","743.00","27.95M","-1.64%"
"03/12/2024","759.70","770.00","777.75","757.35","21.53M","-1.81%"
"03/11/2024","773.70","790.00","792.80","770.55","16.78M","-1.82%"
"03/07/2024","788.05","790.00","793.40","783.00","15.50M","0.53%"
"03/06/2024","783.90","783.65","790.30","772.90","26.71M","-0.01%"
"03/05/2024","783.95","769.50","786.95","769.10","18.09M","1.54%"
"03/04/2024","772.05","774.40","777.00","769.00","9.79M","-0.16%"
"03/02/2024","773.30","770.35","777.00","769.00","1.16M","0.54%"
"03/01/2024","769.15","752.00","772.00","751.95","17.35M","2.81%"
"02/29/2024","748.10","743.90","753.90","737.15","19.22M","0.75%"
"02/28/2024","742.50","749.85","756.75","741.00","11.26M","-0.98%"
"02/27/2024","749.85","758.90","762.35","742.20","13.97M","-1.19%"
"02/26/2024","758.90","755.00","766.35","752.70","11.36M","-0.02%"
"02/23/2024","759.05","765.90","770.50","755.00","14.14M","-0.89%"
"02/22/2024","765.90","773.00","773.00","757.00","18.80M","-0.73%"
"02/21/2024","771.50","760.65","777.50","759.60","21.47M","1.50%"
"02/20/2024","760.10","759.05","763.50","754.00","12.53M","0.11%"
"02/19/2024","759.25","758.70","765.00","750.00","13.98M","0.60%"
"02/16/2024","754.70","763.45","774.60","753.35","27.37M","-0.92%"
"02/15/2024","761.70","747.70","764.00","741.65","33.94M","2.46%"
"02/14/2024","743.40","705.55","748.50","705.55","36.78M","4.20%"
"02/13/2024","713.45","708.55","718.00","702.15","23.35M","0.78%"
"02/12/2024","707.90","726.00","726.00","704.50","22.87M","-2.39%"
"02/09/2024","725.25","703.65","728.35","694.20","43.24M","3.67%"
"02/08/2024","699.55","680.40","718.90","678.50","74.22M","3.60%"
"02/07/2024","675.25","655.05","677.95","655.00","41.70M","3.84%"
"02/06/2024","650.25","644.45","655.00","637.70","14.08M","1.14%"
"02/05/2024","642.95","647.10","654.80","638.75","28.34M","-1.03%"
"02/02/2024","649.65","652.00","660.55","646.70","27.47M","0.31%"
"02/01/2024","647.65","642.75","652.95","633.25","26.59M","1.12%"
"01/31/2024","640.50","626.40","643.20","622.00","23.27M","2.19%"
"01/30/2024","626.75","625.45","633.50","624.20","16.97M","0.61%"
"01/29/2024","622.95","619.00","629.50","615.60","19.57M","1.66%"
"01/25/2024","612.75","618.50","623.80","606.25","22.68M","-0.90%"
"01/24/2024","618.30","609.95","622.35","603.10","19.22M","2.18%"
"01/23/2024","605.10","627.00","634.90","600.65","30.95M","-4.17%"
"01/20/2024","631.40","629.00","633.80","624.10","9.89M","0.58%"
"01/19/2024","627.75","633.00","635.50","624.70","11.68M","-0.09%"
"01/18/2024","628.30","625.80","633.45","619.05","14.70M","0.37%"
"01/17/2024","626.00","624.00","636.80","623.00","30.02M","-1.71%"
"01/16/2024","636.90","640.00","644.90","633.45","15.03M","-0.50%"
"01/15/2024","640.10","638.90","645.50","636.10","16.84M","1.03%"
"01/12/2024","633.60","623.80","636.50","621.10","16.62M","2.16%"
"01/11/2024","620.20","626.00","627.15","618.50","15.53M","-0.25%"
"01/10/2024","621.75","624.80","625.30","618.20","12.74M","-0.58%"
"01/09/2024","625.40","632.00","634.35","624.50","13.40M","-0.26%"
"01/08/2024","627.00","640.00","645.00","625.05","14.74M","-2.33%"
"01/05/2024","641.95","645.00","651.75","637.75","15.98M","-0.12%"
"01/04/2024","642.75","642.50","646.40","638.65","13.88M","-0.11%"
"01/03/2024","643.45","639.35","648.00","635.80","14.57M","0.63%"
"01/02/2024","639.45","641.35","648.00","633.85","15.16M","-0.30%"
"01/01/2024","641.35","642.20","646.90","638.00","8.30M","-0.11%"
"12/29/2023","642.05","645.50","649.60","639.55","13.22M","-1.44%"
"12/28/2023","651.40","650.25","653.30","646.50","16.98M","0.44%"
"12/27/2023","648.55","640.75","649.45","639.00","14.42M","1.65%"
"12/26/2023","638.05","638.85","641.30","635.65","10.15M","0.20%"
"12/22/2023","636.75","644.75","649.40","635.15","15.00M","-1.09%"
"12/21/2023","643.75","632.15","648.95","627.50","19.92M","1.15%"
"12/20/2023","636.45","658.70","660.40","633.95","22.54M","-2.89%"
"12/19/2023","655.40","648.50","659.60","640.25","19.96M","1.06%"
"12/18/2023","648.50","646.65","655.65","642.40","16.22M","0.04%"
"12/15/2023","648.25","628.00","650.00","619.85","29.81M","3.94%"
"12/14/2023","623.65","626.00","627.75","622.40","15.81M","0.61%"
"12/13/2023","619.85","614.45","620.50","611.65","13.98M","1.22%"
"12/12/2023","612.40","617.00","617.95","610.80","14.49M","-0.30%"
"12/11/2023","614.25","615.00","619.90","613.10","11.71M","0.02%"
"12/08/2023","614.15","610.00","616.80","605.35","17.72M","0.40%"
"12/07/2023","611.70","610.00","612.55","605.00","10.73M","0.53%"
"12/06/2023","608.45","614.00","614.00","604.55","21.44M","0.03%"
"12/05/2023","608.25","595.05","611.30","595.05","36.43M","2.28%"
"12/04/2023","594.70","588.00","596.00","584.55","26.08M","4.01%"
"12/01/2023","571.75","567.00","574.20","566.55","10.61M","1.24%"
"11/30/2023","564.75","569.75","570.20","563.65","19.76M","-0.68%"
"11/29/2023","568.60","568.00","569.00","565.10","10.30M","0.74%"
"11/28/2023","564.45","563.60","565.20","561.10","8.15M","0.73%"
"11/24/2023","560.35","561.95","562.45","559.25","6.53M","0.07%"
"11/23/2023","559.95","561.75","563.50","558.30","6.38M","0.18%"
"11/22/2023","558.95","562.95","564.50","555.15","14.91M","-0.45%"
"11/21/2023","561.50","566.00","566.65","561.00","14.28M","-0.40%"
"11/20/2023","563.75","564.00","566.80","560.60","12.71M","0.12%"
"11/17/2023","563.05","574.50","574.50","562.10","37.17M","-3.69%"
"11/16/2023","584.65","584.70","588.00","582.90","8.62M","-0.01%"
"11/15/2023","584.70","587.25","588.00","582.60","11.40M","0.58%"
"11/13/2023","581.35","581.00","582.50","575.20","11.28M","0.01%"
"11/12/2023","581.30","584.75","584.75","580.45","1.94M","0.31%"
"11/10/2023","579.50","577.80","581.00","575.40","6.77M","0.20%"
"11/09/2023","578.35","581.00","581.85","576.50","12.43M","-0.34%"
"11/08/2023","580.30","581.90","582.60","579.00","15.43M","0.09%"
"11/07/2023","579.75","574.80","581.20","572.60","17.92M","0.94%"
"11/06/2023","574.35","582.00","582.50","573.25","16.50M","-0.66%"
"11/03/2023","578.15","576.00","579.50","573.45","11.37M","1.06%"
"11/02/2023","572.10","571.10","575.45","567.60","11.15M","1.01%"
"11/01/2023","566.40","566.25","569.65","563.85","13.58M","0.15%"
"10/31/2023","565.55","567.00","569.50","563.15","13.04M","0.06%"
"10/30/2023","565.20","563.00","566.70","556.50","8.59M","0.72%"
"10/27/2023","561.15","550.00","562.50","550.00","10.42M","2.59%"
"10/26/2023","547.00","551.45","552.90","543.20","19.42M","-1.65%"
"10/25/2023","556.20","558.60","560.80","553.60","12.13M","0.59%"
"10/23/2023","552.95","563.10","566.00","551.00","11.88M","-1.80%"
"10/20/2023","563.10","569.90","570.00","562.10","11.11M","-1.42%"
"10/19/2023","571.20","569.80","574.00","567.00","11.44M","-0.25%"
"10/18/2023","572.65","577.75","579.25","569.35","11.78M","-0.66%"
"10/17/2023","576.45","577.70","579.95","575.30","10.77M","0.14%"
"10/16/2023","575.65","576.00","578.75","571.50","11.29M","-0.09%"
"10/13/2023","576.15","577.75","581.30","574.80","19.06M","-1.69%"
"10/12/2023","586.05","590.80","593.00","585.00","11.98M","-0.39%"
"10/11/2023","588.35","596.90","597.00","587.60","14.22M","-0.56%"
"10/10/2023","591.65","587.00","595.00","585.75","10.37M","1.12%"
"10/09/2023","585.10","588.00","589.00","581.55","9.19M","-1.54%"
"10/06/2023","594.25","593.40","598.95","592.20","8.22M","0.35%"
"10/05/2023","592.15","590.00","594.35","587.10","13.25M","1.01%"
"10/04/2023","586.25","600.00","600.45","584.45","24.91M","-2.77%"
"10/03/2023","602.95","596.60","604.90","589.60","15.32M","0.74%"
"09/29/2023","598.55","592.85","600.00","591.30","12.19M","1.46%"
"09/28/2023","589.95","591.25","595.20","588.85","21.96M","0.03%"
"09/27/2023","589.75","593.45","594.30","588.20","9.87M","-0.78%"
"09/26/2023","594.40","594.00","595.00","591.25","8.33M","0.06%"
"09/25/2023","594.05","601.50","601.50","590.45","9.71M","-0.69%"
"09/22/2023","598.15","593.50","602.00","591.40","18.78M","1.70%"
"09/21/2023","588.15","600.00","606.60","584.65","23.45M","-2.15%"
"09/20/2023","601.10","600.85","606.80","599.40","21.31M","-0.47%"
"09/18/2023","603.95","598.80","608.40","597.05","19.31M","0.86%"
"09/15/2023","598.80","599.35","600.70","595.20","11.76M","0.25%"
"09/14/2023","597.30","598.45","603.70","595.20","13.18M","0.14%"
"09/13/2023","596.45","588.40","598.00","583.45","19.38M","1.38%"
"09/12/2023","588.35","593.65","594.25","584.65","16.09M","-0.57%"
"09/11/2023","591.70","587.00","592.30","585.35","10.95M","1.41%"
"09/08/2023","583.45","581.00","588.50","579.70","14.03M","0.76%"
"09/07/2023","579.05","568.00","581.00","568.00","12.39M","1.50%"
"09/06/2023","570.50","574.25","574.25","568.00","20.61M","-0.44%"
"09/05/2023","573.00","575.60","578.25","571.35","14.44M","-0.44%"
"09/04/2023","575.55","572.00","576.35","568.45","12.11M","1.05%"
"09/01/2023","569.55","562.70","571.20","562.10","18.12M","1.46%"
"08/31/2023","561.35","569.30","570.30","559.40","27.90M","-1.07%"
"08/30/2023","567.40","576.70","577.70","566.10","15.28M","-1.30%"
"08/29/2023","574.85","573.65","576.30","571.85","13.14M","0.35%"
"08/28/2023","572.85","572.80","574.80","569.20","9.71M","0.51%"
"08/25/2023","569.95","573.80","575.30","567.20","12.27M","-1.21%"
"08/24/2023","576.95","578.15","582.00","575.55","24.13M","0.01%"
"08/23/2023","576.90","571.00","577.95","566.00","18.58M","1.48%"
"08/22/2023","568.50","572.50","574.45","567.50","14.07M","-0.56%"
"08/21/2023","571.70","572.95","575.55","570.75","9.38M","-0.22%"
"08/18/2023","572.95","570.00","575.25","567.40","18.25M","0.14%"
"08/17/2023","572.15","565.75","573.15","564.00","27.91M","1.20%"
"08/16/2023","565.35","558.80","566.40","554.00","15.73M","0.81%"
"08/14/2023","560.80","572.95","573.00","558.60","28.08M","-2.33%"
"08/11/2023","574.15","575.45","579.00","572.00","18.22M","0.09%"
"08/10/2023","573.65","573.75","577.60","570.10","27.33M","-0.02%"
"08/09/2023","573.75","575.00","575.00","568.35","15.77M","0.11%"
"08/08/2023","573.10","571.00","574.25","568.45","25.04M","0.92%"
"08/07/2023","567.90","577.00","577.00","566.65","32.74M","-0.94%"
"08/04/2023","573.30","594.80","598.70","571.40","52.73M","-2.91%"
"08/03/2023","590.50","598.70","600.85","585.00","27.77M","-1.33%"
"08/02/2023","598.45","609.85","610.50","594.10","14.98M","-2.19%"
"08/01/2023","611.85","620.20","620.85","610.60","13.49M","-1.35%"
"07/31/2023","620.20","616.65","621.00","614.50","8.61M","0.67%"
"07/28/2023","616.05","616.40","619.90","613.60","11.93M","-0.08%"
"07/27/2023","616.55","616.40","621.25","613.10","17.44M","0.23%"
"07/26/2023","615.15","612.00","616.35","609.15","10.00M","0.91%"
"07/25/2023","609.60","621.80","621.80","604.20","18.50M","-1.30%"
"07/24/2023","617.65","615.05","621.90","614.30","11.76M","0.41%"
"07/21/2023","615.10","610.00","619.50","609.00","21.04M","0.83%"
"07/20/2023","610.05","601.40","610.80","598.75","34.04M","1.43%"
"07/19/2023","601.45","594.65","602.40","592.00","17.56M","1.54%"
"07/18/2023","592.35","603.05","604.05","588.75","25.76M","-1.46%"
"07/17/2023","601.10","587.00","602.85","584.20","19.38M","2.86%"
"07/14/2023","584.40","586.75","591.30","580.70","12.19M","-0.21%"
"07/13/2023","585.65","594.90","598.00","583.35","20.02M","-0.61%"
"07/12/2023","589.25","589.00","594.50","588.20","16.03M","0.12%"
"07/11/2023","588.55","595.00","595.95","587.35","13.22M","-0.68%"
"07/10/2023","592.60","594.65","599.80","590.25","11.42M","-0.17%"
"07/07/2023","593.60","590.00","595.50","585.50","11.71M","0.19%"
"07/06/2023","592.50","590.40","593.50","589.10","11.32M","0.32%"
"07/05/2023","590.60","589.80","593.70","588.20","13.60M","0.23%"
"07/04/2023","589.25","588.20","595.95","582.25","24.80M","0.65%"
"07/03/2023","585.45","574.50","586.35","573.90","15.42M","2.20%"
"06/30/2023","572.85","574.00","574.00","570.20","8.72M","0.54%"
"06/28/2023","569.80","572.25","574.00","568.55","18.03M","0.65%"
"06/27/2023","566.10","558.25","567.95","555.65","10.69M","1.62%"
"06/26/2023","557.05","556.00","558.50","554.50","8.36M","0.44%"
"06/23/2023","554.60","562.00","562.10","553.80","12.22M","-1.48%"
"06/22/2023","562.95","566.35","569.00","561.05","14.98M","-0.60%"
"06/21/2023","566.35","567.40","569.50","565.65","14.95M","-0.19%"
"06/20/2023","567.40","568.85","569.45","562.55","14.55M","-0.25%"
"06/19/2023","568.85","571.25","572.75","565.90","17.90M","-0.42%"
"06/16/2023","571.25","568.75","574.70","567.05","12.66M","0.84%"
"06/15/2023","566.50","576.00","576.70","565.25","17.93M","-1.74%"
"06/14/2023","576.55","577.00","578.55","575.25","8.95M","0.03%"
"06/13/2023","576.40","579.45","581.40","574.25","12.61M","-0.39%"
"06/12/2023","578.65","580.00","581.50","577.70","8.79M","-0.01%"
"06/09/2023","578.70","588.00","589.10","576.75","18.87M","-1.67%"
"06/08/2023","588.50","589.95","593.95","586.35","15.97M","-0.12%"
"06/07/2023","589.20","588.00","590.60","586.00","11.11M","0.66%"
"06/06/2023","585.35","588.00","588.90","583.00","11.20M","-0.32%"
"06/05/2023","587.20","588.50","589.80","586.00","12.92M","0.00%"
"06/02/2023","587.20","584.70","588.90","583.00","11.32M","0.76%"
"06/01/2023","582.75","581.80","586.40","581.00","17.82M","0.50%"
"05/31/2023","579.85","583.80","584.80","577.50","28.80M","-2.18%"
"05/30/2023","592.80","595.00","595.50","591.50","15.03M","-0.37%"
"05/29/2023","595.00","590.00","596.40","588.05","18.43M","1.54%"
"05/26/2023","586.00","581.25","587.75","580.55","9.79M","0.82%"
"05/25/2023","581.25","582.00","582.90","577.00","16.48M","-0.25%"
"05/24/2023","582.70","579.80","585.25","578.25","17.62M","0.19%"
"05/23/2023","581.60","578.90","583.70","576.80","16.12M","0.77%"
"05/22/2023","577.15","577.50","580.30","573.45","21.48M","0.35%"
"05/19/2023","575.15","579.00","586.25","569.90","42.29M","0.17%"
"05/18/2023","574.20","590.30","593.90","571.40","45.66M","-2.06%"
"05/17/2023","586.30","586.00","590.50","579.50","23.74M","0.00%"
"05/16/2023","586.30","584.00","590.40","582.00","22.18M","0.76%"
"05/15/2023","581.90","578.75","584.00","574.65","11.41M","0.65%"
"05/12/2023","578.15","574.70","580.75","571.55","11.32M","0.82%"
"05/11/2023","573.45","572.20","580.00","572.00","16.02M","0.22%"
"05/10/2023","572.20","575.00","575.00","563.25","18.56M","-0.23%"
"05/09/2023","573.50","585.00","586.45","572.10","18.96M","-1.73%"
"05/08/2023","583.60","577.65","587.60","577.35","12.99M","1.23%"
"05/05/2023","576.50","580.20","588.25","575.05","18.16M","-0.60%"
"05/04/2023","580.00","570.20","580.80","568.50","12.53M","1.67%"
"05/03/2023","570.50","570.65","575.00","569.00","9.70M","-0.83%"
"05/02/2023","575.30","580.00","580.85","573.15","13.67M","-0.52%"
"04/28/2023","578.30","567.80","580.45","565.50","16.18M","2.40%"
"04/27/2023","564.75","565.00","567.40","561.10","17.85M","-0.28%"
"04/26/2023","566.35","562.00","567.00","556.45","23.14M","0.81%"
"04/25/2023","561.80","555.00","567.90","555.00","38.14M","1.30%"
"04/24/2023","554.60","543.80","555.55","543.50","23.34M","2.11%"
"04/21/2023","543.15","545.00","546.40","539.70","22.60M","-0.30%"
"04/20/2023","544.80","541.20","545.45","536.65","25.59M","0.83%"
"04/19/2023","540.30","544.00","547.50","538.25","21.16M","-1.02%"
"04/18/2023","545.85","545.35","548.50","540.50","22.28M","0.34%"
"04/17/2023","544.00","528.00","545.00","528.00","32.48M","2.07%"
"04/13/2023","532.95","529.30","534.25","527.15","28.60M","0.90%"
"04/12/2023","528.20","533.20","534.00","526.00","21.29M","-0.73%"
"04/11/2023","532.10","530.85","535.70","527.15","26.41M","1.10%"
"04/10/2023","526.30","529.25","530.40","524.40","17.34M","-0.26%"
"04/06/2023","527.65","524.00","533.70","521.65","25.13M","0.89%"
"04/05/2023","523.00","527.00","527.60","519.05","13.57M","-0.71%"
"04/03/2023","526.75","524.75","528.50","522.10","14.21M","0.57%"
"03/31/2023","523.75","520.65","524.90","519.35","17.36M","1.40%"
"03/29/2023","516.50","509.00","518.00","506.30","24.20M","1.65%"
"03/28/2023","508.10","511.45","511.75","503.85","15.83M","-0.40%"
"03/27/2023","510.15","507.00","514.15","501.55","15.67M","0.95%"
"03/24/2023","505.35","514.50","514.95","503.45","14.42M","-1.44%"
"03/23/2023","512.75","519.40","521.00","511.50","22.10M","-1.69%"
"03/22/2023","521.55","522.20","527.00","520.10","11.62M","-0.06%"
"03/21/2023","521.85","522.00","523.45","516.45","29.49M","0.51%"
"03/20/2023","519.20","526.60","526.60","515.00","14.28M","-2.00%"
"03/17/2023","529.80","528.65","531.60","520.10","18.79M","1.01%"
"03/16/2023","524.50","518.40","529.35","514.30","20.04M","1.34%"
"03/15/2023","517.55","529.80","532.00","515.55","11.28M","-1.49%"
"03/14/2023","525.40","527.65","532.80","520.00","14.75M","-0.87%"
"03/13/2023","530.00","547.00","553.15","528.45","14.37M","-3.17%"
"03/10/2023","547.35","553.10","554.95","545.00","11.52M","-2.07%"
"03/09/2023","558.90","564.75","565.75","558.00","8.99M","-1.04%"
"03/08/2023","564.80","560.00","565.50","556.45","12.64M","0.55%"
"03/06/2023","561.70","564.90","567.90","559.00","16.16M","0.09%"
"03/03/2023","561.20","542.00","564.30","541.75","27.66M","5.14%"
"03/02/2023","533.75","535.95","539.90","532.50","10.38M","-0.55%"
"03/01/2023","536.70","523.25","537.40","523.10","13.51M","2.66%"
"02/28/2023","522.80","527.25","528.45","521.05","15.77M","-0.93%"
"02/27/2023","527.70","521.10","529.80","519.00","11.05M","1.28%"
"02/24/2023","521.05","524.20","527.50","517.60","12.25M","0.01%"
"02/23/2023","521.00","516.95","524.00","511.35","15.54M","0.90%"
"02/22/2023","516.35","520.75","521.90","512.50","14.76M","-1.36%"
"02/21/2023","523.45","527.10","528.95","522.40","10.22M","-0.32%"
"02/20/2023","525.15","532.00","533.95","522.15","12.57M","-1.10%"
"02/17/2023","531.00","538.50","539.65","527.75","14.19M","-1.68%"
"02/16/2023","540.10","546.85","546.85","538.50","12.77M","-0.40%"
"02/15/2023","542.25","540.00","544.65","536.80","12.80M","0.26%"
"02/14/2023","540.85","539.95","544.60","530.75","18.56M","0.62%"
"02/13/2023","537.50","554.00","556.90","533.30","18.49M","-2.81%"
"02/10/2023","553.05","546.50","557.25","546.50","13.82M","0.41%"
"02/09/2023","550.80","552.00","552.00","542.80","15.06M","0.19%"
"02/08/2023","549.75","550.00","554.50","545.50","15.50M","0.48%"
"02/07/2023","547.10","548.00","551.40","541.05","16.20M","0.31%"
"02/06/2023","545.40","558.80","558.80","536.55","25.34M","0.22%"
"02/03/2023","544.20","536.00","545.95","519.15","32.32M","3.05%"
"02/02/2023","528.10","520.20","532.65","502.50","39.29M","0.14%"
"02/01/2023","527.35","561.40","565.00","499.35","38.22M","-4.72%"
"01/31/2023","553.50","545.00","557.00","537.85","21.91M","2.84%"
"01/30/2023","538.20","536.00","554.35","525.20","40.80M","-0.32%"
"01/27/2023","539.95","568.00","568.55","532.25","40.16M","-5.06%"
"01/25/2023","568.70","595.85","595.85","567.40","25.69M","-4.32%"
"01/24/2023","594.35","603.50","604.60","593.05","7.61M","-1.02%"
"01/23/2023","600.45","598.50","601.75","592.95","6.60M","1.39%"
"01/20/2023","592.20","593.80","596.60","590.80","6.75M","0.40%"
"01/19/2023","589.85","591.00","591.75","587.55","7.48M","-0.27%"
"01/18/2023","591.45","595.90","597.15","587.60","11.54M","-0.25%"
"01/17/2023","592.95","603.00","606.00","586.05","13.46M","-1.67%"
"01/16/2023","603.00","603.00","606.10","600.60","5.48M","0.48%"
"01/13/2023","600.10","597.90","602.90","593.65","7.88M","0.87%"
"01/12/2023","594.90","597.90","597.90","590.10","8.18M","-0.30%"
"01/11/2023","596.70","596.45","599.50","592.25","7.42M","0.26%"
"01/10/2023","595.15","608.45","609.00","590.60","10.62M","-2.07%"
"01/09/2023","607.70","605.00","609.00","600.10","8.88M","1.17%"
"01/06/2023","600.65","607.40","607.45","597.00","7.97M","-0.74%"
"01/05/2023","605.10","607.00","611.60","601.95","8.24M","-0.02%"
"01/04/2023","605.20","611.85","614.95","604.00","7.01M","-1.18%"
"01/03/2023","612.40","614.50","616.60","610.00","6.82M","0.03%"
"01/02/2023","612.20","614.95","619.20","611.20","6.73M","-0.24%"
"12/30/2022","613.70","615.25","620.55","611.35","13.05M","0.31%"
"12/29/2022","611.80","600.00","618.00","597.15","20.13M","1.79%"
"12/28/2022","601.05","600.90","607.00","598.55","7.99M","-0.14%"
"12/27/2022","601.90","600.40","603.10","593.30","9.64M","0.80%"
"12/26/2022","597.10","574.00","601.70","570.70","13.20M","4.02%"
"12/23/2022","574.00","590.00","590.70","571.50","13.05M","-3.27%"
"12/22/2022","593.40","597.00","599.00","587.55","8.74M","0.00%"
"12/21/2022","593.40","605.90","609.15","589.60","9.22M","-1.83%"
"12/20/2022","604.45","603.00","606.50","599.55","6.75M","0.00%"
"12/19/2022","604.45","604.00","609.50","603.00","8.32M","0.18%"
"12/16/2022","603.35","612.00","615.60","602.10","9.44M","-2.05%"
"12/15/2022","615.95","625.55","629.55","614.30","10.62M","-1.53%"
"12/14/2022","625.50","618.50","626.75","617.50","14.01M","1.42%"
"12/13/2022","616.75","613.50","617.40","612.50","7.46M","0.60%"
"12/12/2022","613.05","614.80","618.70","611.00","9.29M","-0.56%"
"12/09/2022","616.50","614.40","618.00","609.10","11.20M","0.79%"
"12/08/2022","611.65","609.75","613.80","607.15","10.02M","0.76%"
"12/07/2022","607.05","610.85","612.90","604.50","7.61M","-0.31%"
"12/06/2022","608.95","614.75","619.80","607.80","13.00M","-1.35%"
"12/05/2022","617.30","608.50","618.00","607.55","11.59M","1.60%"
"12/02/2022","607.55","607.50","609.60","604.25","7.53M","-0.09%"
"12/01/2022","608.10","607.85","609.80","601.55","14.21M","0.94%"
"11/30/2022","602.45","608.50","611.40","598.40","15.61M","-1.00%"
"11/29/2022","608.55","607.10","611.80","607.10","6.94M","-0.01%"
"11/28/2022","608.60","605.60","610.90","602.35","7.93M","0.20%"
"11/25/2022","607.40","610.55","613.70","606.25","9.99M","-0.32%"
"11/24/2022","609.35","609.75","611.30","605.80","8.96M","0.28%"
"11/23/2022","607.65","601.55","609.60","601.00","12.44M","1.43%"
"11/22/2022","599.10","598.15","600.70","596.15","8.05M","0.17%"
"11/21/2022","598.10","602.10","602.10","595.35","7.41M","-0.76%"
"11/18/2022","602.70","601.00","605.75","597.15","12.93M","0.61%"
"11/17/2022","599.05","599.10","602.75","596.15","8.17M","-0.12%"
"11/16/2022","599.75","599.95","603.50","596.00","11.56M","-0.18%"
"11/15/2022","600.85","594.30","602.10","592.65","10.29M","1.40%"
"11/14/2022","592.55","603.95","603.95","591.65","12.96M","-1.46%"
"11/11/2022","601.30","617.25","619.55","598.50","15.53M","-0.73%"
"11/10/2022","605.75","613.10","615.10","602.20","11.62M","-1.59%"
"11/09/2022","615.55","621.00","621.00","610.55","18.94M","0.23%"
"11/07/2022","614.15","613.00","622.70","607.70","44.27M","3.40%"
"11/04/2022","593.95","586.00","596.95","580.40","25.76M","1.55%"
"11/03/2022","584.90","569.00","587.95","568.00","17.56M","1.93%"
"11/02/2022","573.85","575.90","578.95","569.90","10.24M","-0.53%"
"11/01/2022","576.90","576.35","585.75","574.60","12.07M","0.54%"
"10/31/2022","573.80","574.95","577.45","568.40","9.89M","0.53%"
"10/28/2022","570.75","579.95","582.65","567.00","10.04M","-1.54%"
"10/27/2022","579.65","583.95","585.00","577.60","13.61M","0.19%"
"10/25/2022","578.55","572.50","586.20","568.00","19.90M","1.41%"
"10/24/2022","570.50","567.00","572.50","565.90","3.69M","1.72%"
"10/21/2022","560.85","557.25","565.80","557.25","11.77M","0.98%"
"10/20/2022","555.40","552.00","556.80","545.30","11.23M","0.36%"
"10/19/2022","553.40","563.00","563.45","551.55","9.54M","-1.61%"
"10/18/2022","562.45","547.10","563.50","546.75","20.44M","3.46%"
"10/17/2022","543.65","526.40","544.70","524.20","13.49M","3.12%"
"10/14/2022","527.20","530.20","534.85","526.00","8.55M","1.10%"
"10/13/2022","521.45","533.00","533.80","520.20","12.97M","-2.31%"
"10/12/2022","533.80","530.00","535.00","526.00","8.52M","1.21%"
"10/11/2022","527.40","530.75","533.70","525.50","10.83M","-0.63%"
"10/10/2022","530.75","525.70","533.90","522.20","9.65M","0.10%"
"10/07/2022","530.20","535.50","535.60","526.55","11.07M","-1.32%"
"10/06/2022","537.30","534.60","541.80","534.60","9.51M","0.86%"
"10/04/2022","532.70","533.00","535.80","527.80","8.75M","2.49%"
"10/03/2022","519.75","527.60","531.65","518.50","9.35M","-2.04%"
"09/30/2022","530.60","524.00","536.90","516.15","17.47M","1.70%"
"09/29/2022","521.75","529.00","535.70","519.55","17.31M","-0.59%"
"09/28/2022","524.85","532.90","539.80","520.35","12.23M","-2.17%"
"09/27/2022","536.50","544.55","550.90","533.20","11.07M","-1.25%"
"09/26/2022","543.30","545.80","549.00","533.00","16.16M","-1.33%"
"09/23/2022","550.60","564.80","568.00","549.50","12.56M","-2.94%"
"09/22/2022","567.30","566.75","574.00","562.00","11.87M","-0.42%"
"09/21/2022","569.70","575.00","577.30","565.40","9.39M","-0.76%"
"09/20/2022","574.05","577.95","577.95","572.85","8.48M","0.31%"
"09/19/2022","572.25","560.70","574.40","559.55","11.19M","1.86%"
"09/16/2022","561.80","569.10","574.00","560.30","14.74M","-1.81%"
"09/15/2022","572.15","572.55","578.50","567.90","12.75M","0.07%"
"09/14/2022","571.75","550.00","574.85","549.25","21.63M","2.46%"
"09/13/2022","558.00","560.00","560.00","553.75","16.71M","0.56%"
"09/12/2022","554.90","554.90","558.60","551.25","9.68M","0.28%"
"09/09/2022","553.35","549.65","557.00","548.00","18.59M","1.60%"
"09/08/2022","544.65","536.00","546.30","535.50","12.24M","2.21%"
"09/07/2022","532.85","534.40","537.45","531.55","8.45M","-0.92%"
"09/06/2022","537.80","538.00","542.70","534.10","8.66M","-0.20%"
"09/05/2022","538.90","537.00","540.80","536.30","7.82M","0.41%"
"09/02/2022","536.70","537.00","537.85","531.25","10.02M","0.64%"
"09/01/2022","533.30","522.25","540.90","522.25","16.67M","0.39%"
"08/30/2022","531.25","518.20","532.50","517.95","14.84M","3.19%"
"08/29/2022","514.85","511.30","517.00","508.75","9.42M","-1.71%"
"08/26/2022","523.80","523.80","529.50","522.20","12.86M","0.65%"
"08/25/2022","520.40","521.95","528.30","518.50","15.47M","0.21%"
"08/24/2022","519.30","519.00","523.00","512.30","11.93M","-0.50%"
"08/23/2022","521.90","508.25","524.00","508.25","8.60M","2.07%"
"08/22/2022","511.30","519.00","519.90","510.00","9.68M","-1.74%"
"08/19/2022","520.35","532.00","533.65","518.50","11.09M","-2.25%"
"08/18/2022","532.35","526.85","534.80","526.20","9.01M","0.80%"
"08/17/2022","528.15","528.85","530.55","524.35","12.05M","0.42%"
"08/16/2022","525.95","533.30","533.85","525.00","10.72M","-0.90%"
"08/12/2022","530.70","525.70","531.80","525.15","12.15M","1.13%"
"08/11/2022","524.75","520.00","526.00","517.20","13.86M","1.95%"
"08/10/2022","514.70","521.55","523.50","513.40","16.90M","-1.10%"
"08/08/2022","520.40","524.00","524.00","513.85","32.57M","-2.01%"
"08/05/2022","531.05","535.55","542.90","529.00","21.11M","-0.41%"
"08/04/2022","533.25","543.65","544.00","524.20","18.07M","-1.41%"
"08/03/2022","540.85","541.90","546.40","534.65","24.26M","-0.23%"
"08/02/2022","542.10","531.90","544.90","531.10","16.85M","1.56%"
"08/01/2022","533.75","529.05","535.00","526.40","8.30M","1.02%"
"07/29/2022","528.35","535.05","537.00","526.75","11.92M","-0.77%"
"07/28/2022","532.45","533.20","537.50","529.55","12.16M","0.80%"
"07/27/2022","528.20","515.30","529.95","512.25","15.10M","2.72%"
"07/26/2022","514.20","517.70","520.80","513.10","8.86M","-0.70%"
"07/25/2022","517.80","513.40","519.00","509.15","10.23M","0.80%"
"07/22/2022","513.70","513.45","520.20","511.20","14.70M","0.32%"
"07/21/2022","512.05","509.80","513.40","506.75","13.81M","0.68%"
"07/20/2022","508.60","501.00","510.60","500.40","19.28M","2.14%"
"07/19/2022","497.95","488.00","498.55","488.00","11.72M","1.56%"
"07/18/2022","490.30","484.55","491.50","482.10","9.93M","2.34%"
"07/15/2022","479.10","482.55","484.40","474.70","6.95M","-0.05%"
"07/14/2022","479.35","486.60","488.90","476.80","9.39M","-1.47%"
"07/13/2022","486.50","487.75","492.45","484.55","8.21M","0.32%"
"07/12/2022","484.95","485.00","491.35","483.10","7.36M","-0.67%"
"07/11/2022","488.20","485.00","491.30","485.00","7.70M","-0.07%"
"07/08/2022","488.55","489.00","489.90","485.15","9.06M","0.37%"
"07/07/2022","486.75","484.00","488.25","481.60","11.50M","1.42%"
"07/06/2022","479.95","475.15","481.00","473.90","12.06M","1.65%"
"07/05/2022","472.15","475.15","480.00","471.00","12.00M","-0.27%"
"07/04/2022","473.45","466.85","474.15","466.85","9.19M","1.41%"
"07/01/2022","466.85","463.35","468.80","460.55","9.41M","0.20%"
"06/30/2022","465.90","459.00","469.30","458.60","16.93M","1.48%"
"06/29/2022","459.10","460.00","462.70","458.00","11.80M","-1.11%"
"06/28/2022","464.25","458.90","465.75","458.00","13.26M","0.66%"
"06/27/2022","461.20","459.95","464.85","458.05","9.51M","1.53%"
"06/24/2022","454.25","455.80","460.35","453.20","10.83M","0.63%"
"06/23/2022","451.40","449.00","456.45","446.00","12.23M","0.84%"
"06/22/2022","447.65","448.75","451.20","444.65","11.07M","-0.69%"
"06/21/2022","450.75","439.50","454.95","437.60","13.80M","3.69%"
"06/20/2022","434.70","441.50","443.45","430.70","12.37M","-1.43%"
"06/17/2022","441.00","440.00","447.55","437.25","14.33M","-0.14%"
"06/16/2022","441.60","455.15","457.75","440.15","10.78M","-2.16%"
"06/15/2022","451.35","448.95","455.45","448.60","9.92M","0.73%"
"06/14/2022","448.10","445.00","449.25","443.35","11.35M","0.50%"
"06/13/2022","445.85","454.00","454.05","442.10","13.43M","-3.46%"
"06/10/2022","461.85","462.00","464.15","458.60","8.62M","-1.09%"
"06/09/2022","466.95","468.95","470.90","462.45","12.64M","-0.92%"
"06/08/2022","471.30","466.60","475.55","463.20","17.17M","1.70%"
"06/07/2022","463.40","461.85","465.95","460.50","7.67M","-0.06%"
"06/06/2022","463.70","464.20","465.60","456.50","10.66M","-0.17%"
"06/03/2022","464.50","473.25","475.50","463.50","11.31M","-1.14%"
"06/02/2022","469.85","466.90","472.35","466.15","9.37M","0.33%"
"06/01/2022","468.30","468.00","472.00","464.70","9.42M","0.04%"
"05/31/2022","468.10","474.00","476.40","465.00","15.44M","-1.37%"
"05/30/2022","474.60","473.00","476.90","471.10","9.37M","1.20%"
"05/27/2022","468.95","471.40","475.00","467.50","10.98M","0.01%"
"05/26/2022","468.90","456.85","470.10","452.50","17.06M","3.26%"
"05/25/2022","454.10","461.00","464.45","452.05","12.73M","-1.72%"
"05/24/2022","462.05","462.40","466.80","460.20","17.18M","0.25%"
"05/23/2022","460.90","463.10","471.40","459.50","13.50M","-0.32%"
"05/20/2022","462.40","454.85","464.00","454.15","13.60M","3.33%"
"05/19/2022","447.50","449.05","450.00","444.45","14.20M","-2.29%"
"05/18/2022","458.00","467.90","468.60","457.10","15.64M","-1.99%"
"05/17/2022","467.30","458.30","469.65","456.15","16.88M","2.70%"
"05/16/2022","455.00","445.00","461.50","438.85","27.94M","2.33%"
"05/13/2022","444.65","469.45","477.00","439.75","61.40M","-3.89%"
"05/12/2022","462.65","473.00","473.00","456.35","18.95M","-2.92%"
"05/11/2022","476.55","475.25","479.00","463.65","14.77M","0.28%"
"05/10/2022","475.20","477.00","482.55","473.50","10.88M","-0.15%"
"05/09/2022","475.90","477.10","483.70","473.80","13.54M","-1.66%"
"05/06/2022","483.95","471.00","486.10","471.00","16.71M","0.82%"
"05/05/2022","480.00","485.00","494.00","478.65","14.13M","0.07%"
"05/04/2022","479.65","492.00","496.45","477.50","14.65M","-2.31%"
"05/02/2022","491.00","492.65","495.00","481.30","18.59M","-1.07%"
"04/29/2022","496.30","508.10","512.50","494.00","12.89M","-2.21%"
"04/28/2022","507.50","499.15","510.00","496.50","12.15M","2.06%"
"04/27/2022","497.25","500.00","502.80","491.85","12.37M","-1.63%"
"04/26/2022","505.50","499.00","507.90","498.45","12.14M","2.17%"
"04/25/2022","494.75","495.00","499.20","490.05","14.06M","-1.17%"
"04/22/2022","500.60","512.90","513.50","499.00","16.76M","-3.04%"
"04/21/2022","516.30","513.40","518.00","512.20","10.04M","1.37%"
"04/20/2022","509.30","512.00","513.70","507.00","11.88M","-0.49%"
"04/19/2022","511.80","513.25","520.95","505.10","20.36M","0.45%"
"04/18/2022","509.50","512.00","515.00","504.00","14.49M","-1.58%"
"04/13/2022","517.70","514.30","520.90","513.75","15.44M","0.95%"
"04/12/2022","512.85","512.75","516.70","504.35","14.46M","-0.40%"
"04/11/2022","514.90","513.50","522.00","513.20","12.37M","-0.23%"
"04/08/2022","516.10","519.50","519.50","512.35","13.57M","0.22%"
"04/07/2022","514.95","510.05","519.90","510.05","19.62M","0.19%"
"04/06/2022","513.95","507.00","515.20","506.00","13.74M","0.89%"
"04/05/2022","509.40","514.40","516.40","507.70","13.60M","-0.59%"
"04/04/2022","512.40","509.30","514.90","506.00","16.26M","0.83%"
"04/01/2022","508.20","491.00","509.75","491.00","18.53M","2.97%"
"03/31/2022","493.55","494.30","497.55","492.20","10.24M","-0.15%"
"03/30/2022","494.30","499.30","500.40","492.30","16.46M","-0.14%"
"03/29/2022","495.00","500.00","501.40","491.70","14.30M","-0.50%"
"03/28/2022","497.50","490.95","498.60","481.95","16.74M","1.39%"
"03/25/2022","490.70","491.75","493.30","486.60","11.54M","0.74%"
"03/24/2022","487.10","485.00","494.80","483.50","18.17M","-0.72%"
"03/23/2022","490.65","498.50","502.40","489.20","15.80M","-0.62%"
"03/22/2022","493.70","490.60","495.80","477.25","26.16M","0.63%"
"03/21/2022","490.60","502.00","502.00","489.00","19.06M","-2.25%"
"03/17/2022","501.90","499.00","503.50","498.30","22.95M","1.86%"
"03/16/2022","492.75","493.00","494.30","489.40","16.21M","1.42%"
"03/15/2022","485.85","489.00","490.50","480.65","27.20M","0.14%"
"03/14/2022","485.15","471.00","486.00","470.55","27.75M","3.15%"
"03/11/2022","470.35","466.40","474.80","462.00","22.09M","0.35%"
"03/10/2022","468.70","469.90","476.65","461.65","34.55M","3.76%"
"03/09/2022","451.70","442.00","454.30","438.55","32.33M","2.59%"
"03/08/2022","440.30","438.00","442.10","425.00","42.51M","0.00%"
"03/07/2022","440.30","447.50","453.95","433.45","33.72M","-4.69%"
"03/04/2022","461.95","460.30","470.90","457.65","20.68M","-1.17%"
"03/03/2022","467.40","480.00","483.40","464.60","20.36M","-1.44%"
"03/02/2022","474.25","478.00","479.80","467.00","22.00M","-1.85%"
"02/28/2022","483.20","476.90","485.30","473.10","18.07M","0.05%"
"02/25/2022","482.95","480.00","491.90","479.30","21.79M","2.18%"
"02/24/2022","472.65","480.00","487.95","468.00","32.36M","-5.22%"
"02/23/2022","498.70","503.00","505.35","497.25","13.90M","0.06%"
"02/22/2022","498.40","500.90","505.30","495.50","27.11M","-2.63%"
"02/21/2022","511.85","511.55","517.50","504.65","16.87M","-0.67%"
"02/18/2022","515.30","510.10","520.90","510.10","15.11M","0.46%"
"02/17/2022","512.95","520.00","520.00","511.15","16.41M","-0.73%"
"02/16/2022","516.70","526.50","528.00","514.00","19.77M","-1.54%"
"02/15/2022","524.80","502.00","526.85","497.10","23.84M","4.67%"
"02/14/2022","501.40","515.00","515.60","499.70","26.15M","-5.32%"
"02/11/2022","529.60","536.25","537.70","527.10","14.61M","-2.03%"
"02/10/2022","540.55","537.10","543.95","534.40","18.66M","0.99%"
"02/09/2022","535.25","534.95","536.50","527.75","14.86M","0.73%"
"02/08/2022","531.35","535.50","537.65","519.00","26.57M","-0.36%"
"02/07/2022","533.25","531.90","549.00","525.25","52.29M","0.56%"
"02/04/2022","530.30","542.15","546.40","527.30","25.33M","-1.81%"
"02/03/2022","540.10","537.15","544.70","537.15","22.72M","0.06%"
"02/02/2022","539.80","536.65","544.25","531.35","21.66M","1.41%"
"02/01/2022","532.30","543.95","543.95","520.00","32.25M","-1.11%"
"01/31/2022","538.30","529.00","540.90","527.05","28.67M","2.84%"
"01/28/2022","523.45","534.00","536.40","521.40","24.72M","-1.04%"
"01/27/2022","528.95","503.55","530.85","503.20","35.41M","2.78%"
"01/25/2022","514.65","490.00","517.50","489.00","21.79M","4.15%"
"01/24/2022","494.15","502.40","506.80","488.00","20.23M","-1.70%"
"01/21/2022","502.70","505.30","507.50","498.00","16.95M","-1.70%"
"01/20/2022","511.40","516.00","519.15","508.00","17.72M","-0.85%"
"01/19/2022","515.80","505.00","517.65","500.30","16.08M","1.78%"
"01/18/2022","506.80","514.00","517.45","505.00","12.59M","-1.40%"
"01/17/2022","514.00","508.00","518.90","507.55","17.42M","1.11%"
"01/14/2022","508.35","509.00","510.35","505.15","8.72M","-0.59%"
"01/13/2022","511.35","510.00","512.85","507.00","10.45M","0.22%"
"01/12/2022","510.25","509.90","513.50","508.50","14.49M","0.85%"
"01/11/2022","505.95","503.00","507.80","499.25","16.11M","0.46%"
"01/10/2022","503.65","493.35","504.95","492.50","15.83M","2.52%"
"01/07/2022","491.25","493.45","501.95","489.45","22.75M","-0.09%"
"01/06/2022","491.70","487.70","494.40","485.40","18.19M","-0.14%"
"01/05/2022","492.40","481.90","495.00","479.15","24.69M","1.84%"
"01/04/2022","483.50","472.50","484.70","471.05","23.30M","2.70%"
"01/03/2022","470.80","462.00","472.00","460.10","13.12M","2.25%"
"12/31/2021","460.45","454.25","461.40","453.10","10.01M","1.94%"
"12/30/2021","451.70","452.75","454.90","448.50","28.88M","-0.59%"
"12/29/2021","454.40","461.00","462.15","451.40","11.76M","-1.47%"
"12/28/2021","461.20","461.20","462.90","459.05","8.83M","0.69%"
"12/27/2021","458.05","453.70","460.50","450.55","8.86M","0.24%"
"12/24/2021","456.95","462.60","463.60","452.20","13.22M","-1.05%"
"12/23/2021","461.80","461.00","465.00","457.75","14.47M","1.31%"
"12/22/2021","455.85","450.00","457.30","449.00","13.10M","2.21%"
"12/21/2021","446.00","457.05","458.25","444.50","16.62M","-0.71%"
"12/20/2021","449.20","459.00","464.00","443.00","22.34M","-3.98%"
"12/17/2021","467.80","480.05","481.40","466.50","12.65M","-2.77%"
"12/16/2021","481.15","488.35","490.55","478.25","11.11M","-0.75%"
"12/15/2021","484.80","490.00","491.00","483.50","8.64M","-0.77%"
"12/14/2021","488.55","486.00","490.35","481.80","11.64M","0.15%"
"12/13/2021","487.80","497.75","500.45","486.35","14.05M","-1.39%"
"12/10/2021","494.70","488.50","495.95","484.40","13.26M","1.24%"
"12/09/2021","488.65","492.30","493.50","486.10","12.56M","-0.59%"
"12/08/2021","491.55","480.90","492.40","480.25","20.40M","3.12%"
"12/07/2021","476.70","469.20","479.70","469.20","13.64M","2.45%"
"12/06/2021","465.30","473.15","477.00","463.80","14.35M","-1.66%"
"12/03/2021","473.15","475.75","481.50","470.05","16.65M","-0.81%"
"12/02/2021","477.00","474.50","478.15","470.95","12.96M","0.36%"
"12/01/2021","475.30","464.45","477.25","464.00","17.16M","3.20%"
"11/30/2021","460.55","468.00","477.25","458.00","23.03M","-0.98%"
"11/29/2021","465.10","470.00","477.75","454.30","22.41M","-1.15%"
"11/26/2021","470.50","486.25","487.90","467.10","26.31M","-4.09%"
"11/25/2021","490.55","490.00","495.45","486.30","12.89M","-0.53%"
"11/24/2021","493.15","495.80","500.00","489.05","13.96M","0.02%"
"11/23/2021","493.05","485.25","495.40","480.00","20.00M","1.37%"
"11/22/2021","486.40","506.00","506.00","477.50","28.80M","-3.45%"
"11/18/2021","503.80","499.10","506.20","492.30","22.47M","1.13%"
"11/17/2021","498.15","493.85","505.40","491.00","20.49M","0.62%"
"11/16/2021","495.10","507.40","507.40","493.50","19.55M","-2.26%"
"11/15/2021","506.55","512.40","515.90","505.50","13.33M","-0.94%"
"11/12/2021","511.35","512.00","513.00","502.70","19.84M","0.34%"
"11/11/2021","509.60","522.85","522.85","507.10","23.09M","-2.82%"
"11/10/2021","524.40","525.55","528.50","521.50","15.81M","-0.90%"
"11/09/2021","529.15","526.25","532.00","522.20","25.45M","1.13%"
"11/08/2021","523.25","534.45","534.45","516.45","36.80M","-1.36%"
"11/04/2021","530.45","531.50","535.90","528.05","9.80M","0.53%"
"11/03/2021","527.65","524.00","542.30","515.20","80.78M","1.14%"
"11/02/2021","521.70","514.80","525.00","512.05","26.80M","1.16%"
"11/01/2021","515.70","508.50","516.95","501.00","20.68M","2.70%"
"10/29/2021","502.15","501.50","512.65","488.40","31.36M","0.16%"
"10/28/2021","501.35","519.60","520.55","497.60","28.14M","-3.43%"
"10/27/2021","519.15","513.70","526.85","512.75","29.46M","1.29%"
"10/26/2021","512.55","507.60","518.20","507.60","21.11M","1.19%"
"10/25/2021","506.50","506.50","515.45","497.85","35.62M","0.71%"
"10/22/2021","502.95","504.60","508.70","500.00","24.08M","0.00%"
"10/21/2021","502.95","504.90","506.50","491.75","20.81M","0.61%"
"10/20/2021","499.90","488.80","507.50","483.10","34.08M","2.40%"
"10/19/2021","488.20","500.35","504.20","483.25","20.65M","-1.96%"
"10/18/2021","497.95","494.00","501.00","491.70","20.08M","1.50%"
"10/14/2021","490.60","482.00","493.90","482.00","23.43M","1.85%"
"10/13/2021","481.70","486.15","486.15","478.00","17.64M","-0.27%"
"10/12/2021","483.00","470.00","484.40","468.10","33.76M","2.93%"
"10/11/2021","469.25","460.00","474.95","458.65","20.69M","2.46%"
"10/08/2021","458.00","461.90","464.00","454.25","16.52M","0.02%"
"10/07/2021","457.90","462.10","464.00","457.10","9.98M","0.15%"
"10/06/2021","457.20","465.00","471.00","453.65","19.06M","-1.61%"
"10/05/2021","464.70","462.00","469.00","458.70","16.49M","0.33%"
"10/04/2021","463.15","453.80","464.40","451.60","16.25M","2.55%"
"10/01/2021","451.65","448.50","455.55","443.80","14.78M","-0.30%"
"09/30/2021","453.00","459.95","464.90","451.40","26.53M","-1.52%"
"09/29/2021","460.00","441.85","462.30","439.10","38.64M","3.39%"
"09/28/2021","444.90","449.20","455.80","439.60","19.24M","-0.38%"
"09/27/2021","446.60","444.90","450.55","442.25","11.75M","1.33%"
"09/24/2021","440.75","451.10","451.90","440.00","10.73M","-2.01%"
"09/23/2021","449.80","442.40","451.15","442.05","20.52M","2.50%"
"09/22/2021","438.85","438.90","442.80","436.10","14.32M","0.01%"
"09/21/2021","438.80","440.15","441.35","432.65","17.28M","0.31%"
"09/20/2021","437.45","449.40","453.50","435.65","18.38M","-3.67%"
"09/17/2021","454.10","468.00","471.90","450.35","41.53M","-2.07%"
"09/16/2021","463.70","444.85","466.10","442.75","42.64M","4.47%"
"09/15/2021","443.85","433.00","445.00","431.45","22.18M","2.51%"
"09/14/2021","433.00","435.00","436.75","432.25","9.98M","0.03%"
"09/13/2021","432.85","430.10","433.80","428.80","9.57M","0.13%"
"09/09/2021","432.30","430.25","433.80","430.00","9.66M","0.22%"
"09/08/2021","431.35","429.00","435.40","427.35","22.82M","0.52%"
"09/07/2021","429.10","431.05","431.70","425.10","14.93M","-0.45%"
"09/06/2021","431.05","432.00","433.85","430.05","10.69M","-0.08%"
"09/03/2021","431.40","431.25","434.30","428.20","14.23M","0.38%"
"09/02/2021","429.75","431.40","433.50","427.75","14.37M","-0.03%"
"09/01/2021","429.90","427.50","432.55","425.15","18.78M","0.90%"
"08/31/2021","426.05","423.85","427.00","418.70","26.26M","0.79%"
"08/30/2021","422.70","414.40","423.30","413.50","20.31M","2.49%"
"08/27/2021","412.45","410.35","414.35","407.50","15.09M","0.41%"
"08/26/2021","410.75","414.50","415.80","410.00","15.90M","-1.32%"
"08/25/2021","416.25","419.00","421.30","414.30","16.41M","-0.32%"
"08/24/2021","417.60","409.50","418.75","408.20","19.01M","1.98%"
"08/23/2021","409.50","411.10","413.00","401.25","26.56M","0.69%"
"08/20/2021","406.70","415.00","417.35","405.15","25.54M","-3.10%"
"08/18/2021","419.70","422.15","424.35","418.00","17.67M","-0.43%"
"08/17/2021","421.50","424.85","425.85","415.25","22.96M","-0.79%"
"08/16/2021","424.85","430.00","434.00","424.00","17.61M","-1.47%"
"08/13/2021","431.20","427.60","432.25","425.00","20.91M","0.95%"
"08/12/2021","427.15","430.00","430.45","425.00","16.85M","-0.21%"
"08/11/2021","428.05","429.80","432.90","423.15","23.83M","0.38%"
"08/10/2021","426.45","434.40","436.40","421.70","27.79M","-1.60%"
"08/09/2021","433.40","437.90","441.80","431.00","22.20M","-0.52%"
"08/06/2021","435.65","443.70","447.00","434.00","38.24M","-1.40%"
"08/05/2021","441.85","461.00","462.50","438.40","58.60M","-3.30%"
"08/04/2021","456.95","448.65","467.45","441.50","129.76M","2.34%"
"08/03/2021","446.50","434.95","447.90","433.60","40.92M","2.67%"
"08/02/2021","434.90","434.75","436.70","431.80","16.93M","0.72%"
"07/30/2021","431.80","441.50","444.40","430.70","35.20M","-2.21%"
"07/29/2021","441.55","426.00","443.60","425.50","35.26M","3.77%"
"07/28/2021","425.50","430.00","430.50","421.05","17.64M","-1.04%"
"07/27/2021","429.95","424.15","433.25","424.00","24.12M","1.57%"
"07/26/2021","423.30","427.80","427.80","422.30","14.04M","-1.31%"
"07/23/2021","428.90","422.90","429.95","419.50","17.70M","1.62%"
"07/22/2021","422.05","425.55","426.70","420.90","11.80M","0.27%"
"07/20/2021","420.90","427.00","427.00","418.90","14.62M","-1.64%"
"07/19/2021","427.90","423.40","429.45","418.85","14.43M","-0.49%"
"07/16/2021","430.00","432.00","432.50","427.45","8.71M","-0.39%"
"07/15/2021","431.70","432.70","432.95","429.65","11.03M","0.15%"
"07/14/2021","431.05","429.00","432.30","426.40","12.77M","0.45%"
"07/13/2021","429.10","430.00","431.80","428.30","12.83M","0.39%"
"07/12/2021","427.45","426.50","430.25","424.60","12.89M","0.87%"
"07/09/2021","423.75","425.00","427.50","421.05","16.84M","-0.16%"
"07/08/2021","424.45","432.80","435.40","422.10","21.43M","-1.94%"
"07/07/2021","432.85","429.35","434.00","427.55","14.47M","0.72%"
"07/06/2021","429.75","431.70","436.50","428.20","20.20M","-0.67%"
"07/05/2021","432.65","426.50","434.50","424.25","16.48M","1.94%"
"07/02/2021","424.40","420.30","425.40","419.00","16.42M","0.95%"
"07/01/2021","420.40","420.30","423.70","417.15","16.16M","0.29%"
"06/30/2021","419.20","423.00","424.90","418.30","18.34M","-0.55%"
"06/29/2021","421.50","427.50","428.95","420.55","22.28M","-1.23%"
"06/28/2021","426.75","430.70","433.15","424.55","29.37M","-0.48%"
"06/25/2021","428.80","421.00","431.00","419.05","29.89M","2.78%"
"06/24/2021","417.20","420.35","422.75","416.30","19.21M","-0.39%"
"06/23/2021","418.85","421.10","424.75","415.00","27.56M","0.05%"
"06/22/2021","418.65","423.00","425.45","417.30","28.44M","-0.26%"
"06/21/2021","419.75","406.35","421.00","400.50","33.13M","1.66%"
"06/18/2021","412.90","423.90","423.90","402.65","45.75M","-1.75%"
"06/17/2021","420.25","421.00","425.95","416.60","23.05M","-1.34%"
"06/16/2021","425.95","428.00","432.75","425.00","19.70M","-0.83%"
"06/15/2021","429.50","429.20","432.80","428.00","16.41M","-0.20%"
"06/14/2021","430.35","427.00","432.45","416.70","30.11M","0.17%"
"06/11/2021","429.60","434.85","435.50","425.25","26.83M","-0.61%"
"06/10/2021","432.25","424.90","433.30","422.40","27.40M","2.56%"
"06/09/2021","421.45","427.50","432.30","418.20","27.78M","-1.35%"
"06/08/2021","427.20","432.25","432.50","424.00","31.11M","-1.17%"
"06/07/2021","432.25","435.10","437.40","430.80","20.20M","-0.31%"
"06/04/2021","433.60","437.50","441.90","431.75","36.90M","-1.38%"
"06/03/2021","439.65","437.00","441.95","433.50","38.91M","0.55%"
"06/02/2021","437.25","430.80","437.95","429.15","38.66M","1.09%"
"06/01/2021","432.55","426.05","435.35","425.60","59.30M","1.93%"
"05/31/2021","424.35","421.00","426.00","418.00","38.29M","0.54%"
"05/28/2021","422.05","430.50","433.65","420.05","65.14M","-0.74%"
"05/27/2021","425.20","413.70","429.10","412.00","73.39M","2.82%"
"05/26/2021","413.55","413.80","418.75","410.80","52.36M","0.29%"
"05/25/2021","412.35","415.10","415.50","408.50","56.05M","0.07%"
"05/24/2021","412.05","417.00","419.20","405.30","142.96M","2.70%"
"05/21/2021","401.20","390.00","404.40","378.00","192.81M","4.33%"
"05/20/2021","384.55","387.00","387.80","382.00","42.90M","0.04%"
"05/19/2021","384.40","382.00","389.50","381.20","48.19M","0.56%"
"05/18/2021","382.25","390.00","392.55","380.05","70.92M","-0.22%"
"05/17/2021","383.10","364.40","385.20","363.65","106.56M","6.28%"
"05/14/2021","360.45","370.00","372.50","359.55","51.72M","-1.97%"
"05/12/2021","367.70","362.80","373.50","361.90","53.44M","0.84%"
"05/11/2021","364.65","356.85","366.40","354.75","41.89M","0.82%"
"05/10/2021","361.70","360.50","367.00","358.80","41.74M","0.96%"
"05/07/2021","358.25","357.50","362.00","353.00","38.36M","0.76%"
"05/06/2021","355.55","358.00","359.35","350.55","36.29M","0.04%"
"05/05/2021","355.40","356.50","357.45","348.00","40.87M","1.11%"
"05/04/2021","351.50","355.00","362.90","350.20","57.75M","0.26%"
"05/03/2021","350.60","349.60","352.50","341.40","43.69M","-0.82%"
"04/30/2021","353.50","353.45","362.50","350.45","53.83M","-1.64%"
"04/29/2021","359.40","365.00","369.95","355.50","63.69M","-1.10%"
"04/28/2021","363.40","357.00","364.30","356.05","56.70M","2.93%"
"04/27/2021","353.05","344.00","354.95","342.40","46.00M","2.54%"
"04/26/2021","344.30","339.25","347.45","339.25","49.24M","2.33%"
"04/23/2021","336.45","331.65","339.90","331.65","44.22M","-0.06%"
"04/22/2021","336.65","326.00","337.65","323.30","49.11M","2.17%"
"04/20/2021","329.50","335.10","339.90","326.70","41.30M","-0.50%"
"04/19/2021","331.15","327.15","332.05","321.30","53.30M","-2.57%"
"04/16/2021","339.90","343.00","345.50","338.65","37.77M","-0.82%"
"04/15/2021","342.70","342.10","347.55","336.10","52.99M","0.50%"
"04/13/2021","341.00","332.00","342.25","330.50","49.77M","3.69%"
"04/12/2021","328.85","344.00","344.00","322.55","75.50M","-6.84%"
"04/09/2021","353.00","354.40","364.50","351.20","46.47M","-0.73%"
"04/08/2021","355.60","361.00","363.30","354.30","33.37M","-0.82%"
"04/07/2021","358.55","351.25","363.20","347.60","48.02M","2.28%"
"04/06/2021","350.55","355.70","357.00","349.30","44.15M","-0.85%"
"04/05/2021","353.55","367.50","369.20","349.05","51.74M","-4.61%"
"04/01/2021","370.65","367.70","371.90","363.10","31.88M","1.74%"
"03/31/2021","364.30","360.30","367.85","357.95","38.65M","0.97%"
"03/30/2021","360.80","360.10","364.30","356.30","39.41M","1.01%"
"03/26/2021","357.20","360.00","362.00","354.55","40.72M","0.56%"
"03/25/2021","355.20","360.00","360.85","345.20","57.50M","-1.29%"
"03/24/2021","359.85","368.50","369.05","358.65","42.32M","-3.45%"
"03/23/2021","372.70","368.70","377.95","367.05","41.03M","1.55%"
"03/22/2021","367.00","372.00","372.80","363.50","28.46M","-1.12%"
"03/19/2021","371.15","363.95","372.90","357.25","60.31M","1.10%"
"03/18/2021","367.10","371.50","375.00","361.10","39.41M","-0.29%"
"03/17/2021","368.15","378.20","379.65","366.05","33.14M","-2.75%"
"03/16/2021","378.55","385.60","387.85","376.10","38.20M","-1.39%"
"03/15/2021","383.90","382.50","386.00","369.35","42.72M","0.73%"
"03/12/2021","381.10","391.70","393.20","377.50","35.34M","-1.70%"
"03/10/2021","387.70","391.10","393.00","385.70","22.68M","0.03%"
"03/09/2021","387.60","393.45","394.90","382.25","28.05M","-0.51%"
"03/08/2021","389.60","388.45","393.40","386.05","39.15M","1.55%"
"03/05/2021","383.65","395.00","395.00","378.10","72.18M","-3.03%"
"03/04/2021","395.65","398.70","403.50","394.45","43.60M","-2.32%"
"03/03/2021","405.05","396.50","408.90","396.00","46.27M","2.75%"
"03/02/2021","394.20","395.00","399.55","390.55","30.53M","-0.19%"
"03/01/2021","394.95","395.10","397.70","391.00","29.68M","1.23%"
"02/26/2021","390.15","399.50","401.00","387.00","64.45M","-4.20%"
"02/25/2021","407.25","411.00","414.90","406.55","46.99M","0.25%"
"02/24/2021","406.25","397.00","410.50","395.20","39.63M","2.69%"
"02/23/2021","395.60","392.00","399.70","389.00","45.46M","1.57%"
"02/22/2021","389.50","400.60","401.00","385.65","52.54M","-2.52%"
"02/19/2021","399.55","415.00","415.00","395.00","66.16M","-3.77%"
"02/18/2021","415.20","425.05","427.70","413.70","67.15M","0.84%"
"02/17/2021","411.75","403.00","414.85","400.15","74.16M","2.34%"
"02/16/2021","402.35","412.00","415.75","400.30","80.37M","-1.13%"
"02/15/2021","406.95","397.50","409.45","395.70","56.61M","3.51%"
"02/12/2021","393.15","391.00","399.35","385.55","53.59M","0.77%"
"02/11/2021","390.15","391.80","396.95","388.25","36.39M","-0.54%"
"02/10/2021","392.25","394.05","397.90","388.00","54.16M","-0.65%"
"02/09/2021","394.80","396.75","403.50","389.00","63.87M","-0.57%"
"02/08/2021","397.05","398.00","407.80","394.75","79.39M","1.00%"
"02/05/2021","393.10","387.00","408.35","385.15","214.96M","10.70%"
"02/04/2021","355.10","334.40","358.00","331.10","145.20M","5.70%"
"02/03/2021","335.95","333.75","339.90","325.80","66.42M","0.86%"
"02/02/2021","333.10","315.00","337.40","315.00","121.43M","7.21%"
"02/01/2021","310.70","285.10","313.90","282.75","103.41M","10.14%"
"01/29/2021","282.10","285.60","290.65","279.10","42.30M","-0.09%"
"01/28/2021","282.35","271.90","283.35","269.50","48.72M","2.43%"
"01/27/2021","275.65","280.20","284.85","272.70","39.21M","-1.89%"
"01/25/2021","280.95","284.50","288.00","277.05","34.03M","-0.97%"
"01/22/2021","283.70","295.50","298.00","282.40","44.44M","-3.78%"
"01/21/2021","294.85","304.00","305.15","291.50","30.00M","-2.55%"
"01/20/2021","302.55","298.80","304.70","296.85","33.76M","1.32%"
"01/19/2021","298.60","297.65","302.50","296.40","35.80M","1.41%"
"01/18/2021","294.45","303.50","308.65","292.20","54.97M","-3.09%"
"01/15/2021","303.85","306.80","310.90","301.30","35.31M","-1.11%"
"01/14/2021","307.25","306.70","309.25","303.80","40.12M","0.15%"
"01/13/2021","306.80","296.00","308.00","294.50","78.04M","4.89%"
"01/12/2021","292.50","280.00","293.85","277.90","44.31M","3.54%"
"01/11/2021","282.50","288.00","288.20","279.60","29.70M","-1.22%"
"01/08/2021","286.00","290.10","291.40","285.20","32.54M","-0.59%"
"01/07/2021","287.70","289.00","291.80","287.00","30.55M","0.93%"
"01/06/2021","285.05","283.00","289.15","281.40","40.77M","1.17%"
"01/05/2021","281.75","278.05","282.45","277.00","27.39M","0.25%"
"01/04/2021","281.05","281.85","283.90","277.75","31.45M","0.59%"
"01/01/2021","279.40","274.90","280.00","274.40","24.53M","1.62%"